Label no,pH,EC,Bulk_Density,Porosity,MC,Viability
1,5.72,108.3,1.25345,52.7,21.7,1
2,5.82,105.8,1.5211,42.6,10.8,0
3,6.73,123.3,1.4416,45.6,23.5,1
4,5.69,129.2,1.31705,50.3,15.3,1
5,5.68,99.1,1.2773,51.8,12.3,0
6,5.66,125.3,1.3356,49.6,18.7,1
7,5.77,113.3,1.5529,41.4,10.9,0
8,5.73,112.8,1.4257,46.2,19.3,1
9,5.78,100.5,1.31705,50.3,20.7,1
10,5.74,131.8,1.4416,45.6,18.6,1
11,5.11,74.5,1.4787,44.2,18.2,0
12,5.76,128,1.2402,53.2,19.5,1
13,5.54,160,1.35415,48.9,16.4,1
14,5.55,120.1,1.3886,47.6,21.3,1
15,5.68,85.6,1.45485,45.1,8.3,0
16,5.64,127.1,1.4628,44.8,22.5,1
17,5.66,107.7,1.4416,45.6,7.9,0
18,5.67,99.8,1.44955,45.3,16.8,0
19,5.57,86,1.5052,43.2,7.6,0
20,5.64,78.6,1.3621,48.6,17.9,1
21,5.72,95.1,1.4045,47,22.6,1
22,5.75,159.4,1.34885,49.1,14.1,0
23,5.51,76,1.37005,48.3,15.3,0
24,5.73,145.1,1.37005,48.3,18.1,1
25,5.91,86.6,1.52905,42.3,25.3,0
26,5.66,146,1.44955,45.3,17.5,1
27,5.71,132,1.5582,41.2,18.6,1
28,5.83,114.3,1.3621,48.6,15.9,1
29,5.77,91.6,1.53435,42.1,7.2,0
30,5.83,84.9,1.4999,43.4,7.6,0
31,5.73,95.2,1.4416,45.6,12.3,0
32,5.78,96.2,1.33825,49.5,14.5,1
33,5.78,88.2,1.5476,41.6,9.9,0
34,5.68,127.6,1.2614,52.4,17.9,1
35,5.69,114.3,1.3621,48.6,16.4,1
36,5.78,88.5,1.52375,42.5,9.4,0
37,5.71,79,1.4946,43.6,15.8,0
38,5.76,110,1.3197,50.2,19.7,1
39,5.57,120.6,1.2826,51.6,16.8,1
40,5.77,94,1.5211,42.6,12.3,0
41,5.83,99.4,1.2879,51.4,14.4,1
42,5.72,149.1,1.26405,52.3,16.8,0
43,5.75,102.1,1.35945,48.7,14.3,1
44,5.63,210,1.3144,50.4,15.7,0
45,5.69,130.6,1.42835,46.1,16.6,1
46,5.42,103.5,1.36945,43.4,16.8,1
47,5.52,129.1,1.70501,35.66,8.4,0
48,5.49,165.7,1.5582,41.2,5.5,0
49,5.71,111.6,1.38065,47.9,15.6,1
50,5.66,142.9,1.31705,50.3,14.2,0
51,5.57,142.3,1.2879,51.4,18.6,1
52,5.59,140.5,1.3144,50.4,17.5,1
53,5.65,117.4,1.3091,50.6,15.6,1
54,5.66,104.8,1.38065,47.9,14.2,1
55,5.61,107.8,1.32235,50.1,19.2,1
56,5.65,116.9,1.39655,47.3,9.8,1
57,5.67,128.4,1.45485,45.1,12.2,0
58,5.74,252,1.61385,39.1,5.7,0
59,5.5,97.1,1.2349,53.4,15.6,0
60,5.84,73.3,1.27995,51.7,18.7,1
61,5.74,90.7,1.31705,50.3,18.5,1
62,5.77,70.3,1.4681,44.6,11.3,0
63,5.75,126.6,1.2879,51.4,19.8,1
64,5.85,53.5,1.2349,53.4,17.3,0
65,5.79,92.4,1.5476,41.6,9.2,0
66,5.83,85.5,1.4204,46.4,16.3,0
67,5.77,87.2,1.3992,47.2,22.1,1
68,5.77,92.5,1.4575,45,16.8,0
69,5.67,176.9,1.5211,42.6,10.2,0
70,5.82,89.5,1.46015,44.9,20.3,0
71,5.83,82.2,1.26405,52.3,8.4,0
72,5.92,74.4,1.34355,49.3,9.2,0
73,5.79,34.9,1.35415,48.9,18.7,1
74,5.48,97,1.45485,45.1,12.3,0
75,5.75,88.9,1.43895,45.7,12.8,1
76,5.77,85.3,1.3992,47.2,10.4,0
77,5.81,88.7,1.5582,41.2,8.5,0
78,5.57,95.2,1.3621,48.6,15.9,1
79,5.72,91.9,1.5423,41.8,14.3,0
80,5.86,98.6,1.5052,43.2,15.5,0
81,5.15,88.6,1.44955,45.3,14.2,1
82,5.84,82.8,1.3356,49.6,20.5,0
83,5.75,76.6,1.5423,41.8,14.3,0
84,5.82,101.5,1.3886,47.6,23.5,1
85,5.77,95.4,1.325,50,21.2,1
86,5.7,101.7,1.37535,48.1,16.9,1
87,5.74,84.2,1.5847,40.2,12.5,0
88,5.8,83.3,1.2614,52.4,14.7,0
89,5.87,78.2,1.55025,41.5,15.3,0
90,5.66,95.8,1.2826,51.6,15.2,1
91,5.85,71.5,1.26405,52.3,12.2,0
92,5.71,72,1.35415,48.9,16.1,1
93,5.68,84.8,1.39125,47.5,19.4,0
94,5.72,91,1.3144,50.4,11.4,0
95,5.88,107.7,1.5529,41.4,8.3,0
96,5.85,88.1,1.2402,53.2,20.1,0
97,5.95,89.3,1.2826,51.6,12.3,0
98,5.92,78.7,1.3197,50.2,22.3,1
99,5.8,91.9,1.30645,50.7,14.8,0
100,5.68,88.2,1.34355,49.3,16.8,0
101,5.83,90.8,1.10505,58.3,10.4,0
102,5.89,69.3,1.2932,51.2,12.3,0
103,5.9,78.9,1.3886,47.6,10.2,0
104,4.19,54.3,1.3674,48.4,15.2,0
105,5.63,104.9,1.52905,42.3,12.3,1
106,5.65,166.3,1.3939,47.4,16.9,0
107,5.69,80.4,1.3621,48.6,15.6,0
108,5.66,82.8,1.54495,41.7,15.4,0
109,5.76,133.5,1.44955,45.3,14.2,1
110,5.78,91,1.24285,53.1,12.8,0
111,5.73,94.6,1.31175,50.5,14.9,0
112,5.69,79.2,1.4522,45.2,12.3,0
113,5.62,71.7,1.5582,41.2,10.2,0
114,5.73,80.8,1.3674,48.4,15.6,0
115,5.66,70.8,1.4681,44.6,18.1,0
116,5.63,104.6,1.4893,43.8,15.2,1
117,5.72,105.6,1.4469,45.4,17.8,1
118,5.56,90.1,1.3144,50.4,19.2,0
119,5.56,84.2,1.52905,42.3,9.9,0
120,5.74,106.5,1.44955,45.3,15.3,1
121,5.59,80.9,1.39655,47.3,4.2,0
122,5.71,109.5,1.2879,51.4,16.3,1
123,5.73,124.1,1.2296,53.6,18.9,1
124,5.75,104.6,1.23225,53.5,17.5,1
125,5.61,108.1,1.17395,55.7,14.3,1
126,5.73,87.5,1.5529,41.4,19.1,0
127,5.75,83.1,1.4204,46.4,14.6,0
128,5.77,92.3,1.6059,39.4,15.6,0
129,5.68,86.2,1.4416,45.6,17,0
130,5.34,89.4,1.47605,44.3,14.9,0
131,5.79,114.2,1.4734,44.4,16.4,1
132,5.81,110.5,1.5423,41.8,19.5,1
133,5.87,118.5,1.51315,42.9,18.1,1
134,5.81,98.8,1.4363,45.8,14.5,1
135,5.92,84.2,1.4787,44.2,19.1,0
136,5.86,102.7,1.34355,49.3,8.4,1
137,5.73,95.7,1.44955,45.3,7.6,1
138,5.75,100.3,1.3674,48.4,15.6,1
139,5.85,93.6,1.39655,47.3,14.5,0
140,5.8,78.5,1.4893,43.8,15.6,0
141,5.9,75.3,1.46545,44.7,20.5,0
142,5.6,101.6,1.52375,42.5,21.3,1
143,5.7,114.8,1.4575,45,21.6,1
144,5.73,122.9,1.5582,41.2,10.3,1
145,5.79,103.7,1.2296,53.6,19.4,1
146,5.9,107.5,1.4469,45.4,20.2,1
147,5.81,71.8,1.53965,41.9,14.8,0
148,5.85,90.6,1.52375,42.5,18.4,0
149,5.87,97.2,1.4946,43.6,16.3,1
150,5.91,71.2,1.39655,47.3,17.6,0
151,5.85,79.2,1.29055,51.3,9.5,0
152,5.79,70.2,1.2561,52.6,10.8,0
153,5.85,95.8,1.4787,44.2,19.7,1
154,5.98,79.7,1.3674,48.4,14.5,0
155,6,118.8,1.4211,42.6,10.3,1
156,5.94,88.4,1.52905,42.3,16.9,0
157,5.99,74.9,1.4681,44.6,20.1,0
158,5.99,119.5,1.47605,44.3,14.2,1
159,5.96,92.6,1.37535,48.1,16.5,0
160,5.74,121.6,1.24285,53.1,16.8,1
161,5.92,86.1,1.53435,42.1,12.4,0
162,6.02,117.4,1.2243,53.8,17.4,1
163,6.03,79.3,1.2879,51.4,14.3,0
164,5.81,109.3,1.26935,52.1,15.9,1
165,5.83,69.4,1.37005,48.3,15.4,0
166,5.81,107.6,1.26935,52.1,15.3,1
167,5.86,82.3,1.4628,44.8,17.1,0
168,5.81,114.3,1.43365,45.9,16.7,1
169,5.93,69.8,1.5211,42.6,8.3,0
170,5.98,102.7,1.33825,49.5,18.5,1
171,5.88,80.2,1.39655,47.3,14.9,0
172,5.87,99.7,1.2879,51.4,20.5,1
173,5.93,75.6,1.61385,39.1,17.9,0
174,5.78,112.4,1.45485,45.1,18.3,1
175,5.86,81.8,1.3144,50.4,14.3,0
176,5.88,111.7,1.4246,43.6,15.8,1
177,5.94,79.6,1.56085,41.1,5.4,0
178,5.97,112.4,1.2879,51.4,16.4,1
179,5.92,101.3,1.26405,52.3,22.8,1
180,6.07,97,1.2932,51.2,14.2,1
181,5.87,84.1,1.21635,54.1,18.3,0
182,5.88,99.8,1.21105,54.3,22.6,1
183,5.95,76.7,1.3674,48.4,20.4,0
184,5.96,91.7,1.37005,48.3,23.1,0
185,5.87,105.3,1.4681,44.6,22.1,1
186,6.03,172.2,1.6271,38.6,20.5,0
187,6.45,110.3,1.52905,42.3,21.4,0
188,6.44,139.7,1.37005,48.3,21.4,1
189,6.71,168.1,1.33295,49.7,22.9,0
190,6.43,130,1.30115,50.9,25.3,1
191,6.2,89.2,1.71985,35.1,15.6,0
192,6.21,117.7,1.42205,40.3,18.3,1
193,6.58,101.2,1.5476,41.6,21.3,0
194,6.66,127,1.2296,53.6,23.5,1
195,6.31,71.8,1.2031,54.6,21.7,0
196,6.67,112.2,1.26405,52.3,19.3,1
197,6.24,76.6,1.26405,52.3,14.3,0
198,6.41,105.9,1.3621,48.6,24.6,1
199,6.21,88.2,1.22165,53.9,15.3,0
200,6.1,109.7,1.3462,49.2,18.6,1
201,6.1,60.5,1.3886,47.6,20.5,0
202,5.9,114.2,1.4628,44.8,21.3,1
203,6.1,61.1,1.4522,45.2,16.2,0
204,6.07,123.1,1.25345,52.7,19.6,1
205,6.13,113.1,1.1978,54.8,14.2,1
206,6.05,63.9,1.5211,42.6,16.3,0
207,6.18,120.3,1.47675,40.5,14.5,1
208,6.17,69.3,1.48665,43.9,21.3,0
209,6.22,130.3,1.42905,42.3,20.5,1
210,5.95,48.3,1.3091,50.6,15.6,0
211,6.29,133.1,1.2349,53.4,14.2,1
212,6.18,75.7,1.4681,44.6,10.3,0
213,6.16,148.4,1.50785,43.1,8.5,0
214,6.53,110.6,1.26935,52.1,15.6,1
215,6.01,78.6,1.48135,44.1,8.4,0
216,6.41,125.9,1.4416,45.6,12.2,1
217,5.84,112.3,1.47605,44.3,13.5,1
218,5.69,107.9,1.34885,49.1,18.7,1
219,5.72,119.4,1.37005,48.3,19.4,1
220,5.56,124.5,1.3144,50.4,22.3,1
221,5.94,109.5,1.4522,45.2,14.6,1
222,5.73,108.1,1.5529,41.4,15.5,0
223,5.71,104.3,1.45485,45.1,9.6,1
224,5.84,112.3,1.31705,50.3,13.4,1
225,5.75,96.4,1.41245,46.7,15.7,1
226,5.71,155.1,1.37005,48.3,14.3,0
227,5.82,112.6,1.52905,42.3,16.4,0
228,5.94,113.4,1.3833,47.8,13.4,1
229,5.47,115.3,1.4681,44.6,18.9,1
230,5.96,118.5,1.3038,50.8,14.7,1
231,5.71,96.5,1.3091,50.6,16.9,1
232,5.99,93.4,1.2879,51.4,15.3,0
233,5.84,151.3,1.8073,31.8,10.8,0
234,5.78,112.4,1.65625,37.5,15.8,0
235,5.73,104.6,1.2773,51.8,18.4,1
236,5.94,131.8,1.3144,50.4,16.4,1
237,5.83,79.4,1.46015,44.9,11.1,0
238,5.02,143.5,1.45485,45.1,8.6,0
239,5.63,120.3,1.34355,49.3,12,1
240,5.08,108.9,1.47605,44.3,12.8,1
241,5.82,138.1,1.5158,42.8,15.3,0
242,5.73,112.5,1.38065,47.9,18.7,1
243,5.74,108.9,1.31705,50.3,11.9,1
244,5.73,121.4,1.33825,49.5,12.3,1
245,5.86,152.7,1.24815,52.9,11.8,0
246,5.91,144.8,1.1713,55.8,12.9,0
247,5.94,123.6,1.2773,51.8,15.8,1
248,5.84,107.9,1.44955,45.3,10.5,1
249,5.81,141.3,1.52905,42.3,11.3,0
250,5.71,115.4,1.20045,54.7,20.3,1
251,6.12,121.4,1.51315,42.9,18.4,0
252,6.31,145.6,1.59795,39.7,13.8,0
253,6.12,119.3,1.30645,50.7,19.3,1
254,6.14,126.5,1.41245,46.7,14.6,1
255,6.05,109.5,1.2508,52.8,19.1,1
256,5.89,93.5,1.2349,53.4,14.8,0
257,5.82,123.8,1.33295,49.7,15.7,1
258,5.91,90.2,1.4204,46.4,15.3,0
259,6.04,124.5,1.31705,50.3,17.6,1
260,6.03,84.9,1.5423,41.8,14.3,0
261,5.94,145.3,1.3939,47.4,15.4,0
262,5.78,132.6,1.4098,46.8,19.1,1
263,5.87,76.8,1.3144,50.4,25.3,0
264,5.92,91.2,1.0971,58.6,22.4,0
265,5.82,116.7,1.44195,43.7,20.3,1
266,6.04,130.3,1.34035,38.1,20.5,1
267,5.98,109.6,1.3303,49.8,15.4,1
268,5.91,113.4,1.4946,43.6,16.3,0
269,5.92,108.5,1.4628,44.8,18.4,1
270,5.93,140.5,1.4257,46.2,14.5,1
271,4.87,88.9,1.36475,48.5,19.5,0
272,5.92,152.3,1.34355,49.3,18.3,0
273,5.94,130.4,1.4299,43.4,16.1,1
274,5.98,128.6,1.4158,42.8,12.1,1
275,5.94,112.6,1.2031,54.6,18.9,1
276,5.99,109.3,1.2243,53.8,22.8,1
277,6.15,138.1,1.48665,43.9,11.4,0
278,5.84,145.6,1.34355,49.3,18.4,0
279,5.93,109.5,1.4476,41.6,21.6,1
280,5.84,115.3,1.41315,42.9,15.3,1
281,6.01,98.4,1.22695,53.7,12.8,1
282,5.82,146.7,1.48665,43.9,16.7,0
283,5.91,131.4,1.47075,44.5,18.9,1
284,6.49,141.2,1.5158,42.8,11.8,0
285,6.51,125.6,1.4363,45.8,16.3,1
286,5.79,109.4,1.3674,48.4,17.8,1
287,6.51,116.9,1.2614,52.4,15.1,1
288,6.01,104,1.5582,41.2,16.4,0
289,6.22,77.5,1.49195,43.7,13.8,0
290,6.59,153.5,2.14915,18.9,18.5,0
291,6.45,122.4,1.31705,50.3,25.8,1
292,6.09,113.5,1.36475,48.5,15.9,1
293,6.54,114.6,1.3091,50.6,21.3,1
294,6.24,118.9,1.2879,51.4,26.4,1
295,6.35,109.4,1.37005,48.3,10.3,1
296,6.48,112.3,1.18455,55.3,21.4,1
297,6.21,149.1,1.3621,48.6,24.5,0
298,5.61,113.1,1.34885,49.1,18.4,1
299,5.52,95.2,1.44955,45.3,8.6,1
300,6.81,118.4,1.5211,42.6,17.5,0
301,6.21,124.3,1.34885,49.1,12.1,1
302,5.54,100.5,1.52905,42.3,14.6,0
303,6.64,120.3,1.46545,44.7,20.3,1
304,5.66,96.5,1.4416,45.6,9.7,1
305,5.58,92.4,1.5052,43.2,8.1,0
306,5.49,101,1.25345,52.7,14.9,1
307,5.81,115.4,1.3674,48.4,14.5,1
308,5.26,83.5,1.4257,46.2,20.34,0
309,5.66,131.7,1.3886,47.6,13.1,1
310,5.47,155.1,1.1713,55.8,17.8,0
311,5.15,133.4,1.4158,42.8,22.7,1
312,5.78,79.6,1.4522,45.2,22.1,0
313,5.63,124.5,1.2031,54.6,25,1
314,5.44,107.7,1.52905,42.3,24.1,0
315,5.23,105.4,1.42835,46.1,17.3,1
316,5.78,88.8,1.6271,38.6,18.4,0
317,5.53,81.4,1.4522,45.2,19.3,0
318,5.68,99.4,1.35415,48.9,16.4,1
319,5.41,149.5,1.34285,33.1,5.32,1
320,5.62,87,1.5529,41.4,15.6,0
321,5.58,134.9,1.25875,52.5,14,1
322,5.61,79.5,1.47075,44.5,15.5,0
323,5.55,138.4,1.4628,44.8,12.2,1
324,5.46,140.2,1.26405,52.3,20.7,1
325,5.75,98.4,1.3674,48.4,18.1,1
326,5.83,92.4,1.26405,52.3,12.6,0
327,5.76,87.6,1.35415,48.9,14.3,0
328,5.69,97.4,1.47605,44.3,11.6,1
329,5.81,99.5,1.27995,51.7,20.5,1
330,5.68,86.4,1.2349,53.4,18.4,0
331,5.54,123.5,1.3833,47.8,19.1,1
332,5.57,108.6,1.2402,53.2,14.5,1
333,5.84,89.6,1.27995,51.7,16.3,0
334,5.65,98.4,1.49725,43.5,15.8,0
335,5.69,112.3,1.4469,45.4,19.27,1
336,5.67,119.4,1.34885,49.1,16.48,1
337,5.84,98.1,1.5158,42.8,14.5,0
338,5.87,95.6,1.4628,44.8,12.5,1
339,5.68,159.4,1.67745,36.7,7.4,0
340,5.65,95,1.6324,38.4,20.3,0
341,5.67,138.4,1.4098,46.8,21.4,1
342,5.72,125.8,1.33295,49.7,23.9,1
343,5.68,106,1.27995,51.7,18.5,1
344,5.64,140,1.5741,40.6,14.3,0
345,5.55,157.4,1.7066,35.6,16.8,0
346,5.75,105.2,1.3462,49.2,18.7,1
347,5.59,130,1.3303,49.8,22.4,1
348,5.58,132.3,1.2879,51.4,29.3,1
349,5.52,135.9,1.41245,46.7,15.5,1
350,5.71,122,1.36475,48.5,12.7,1
351,5.64,103.7,1.4681,44.6,10.3,1
352,5.49,95.4,1.49195,43.7,14.3,0
353,5.47,112.5,1.52375,42.5,11.6,0
354,5.72,140.4,1.59795,39.7,12.8,0
355,5.71,212.2,1.47075,44.5,19.1,0
356,5.64,109.8,1.46545,44.7,18.7,1
357,5.78,100.8,1.30115,50.9,19.3,1
358,5.72,98.9,1.3144,50.4,17.8,1
359,5.71,72.6,1.4628,44.8,16.3,0
360,5.78,119.4,1.6112,39.2,15.8,0
361,5.84,55.8,1.54495,41.7,12.6,0
362,5.82,84,1.51315,42.9,18.9,0
363,5.81,96.4,1.4363,45.8,17.5,1
364,5.66,100.2,1.30645,50.7,21.2,1
365,5.69,84.3,1.4416,45.6,20.3,0
366,5.59,165,1.57145,40.7,22.6,0
367,5.54,97.6,1.2614,52.4,14.7,1
368,5.78,75.4,1.52375,42.5,10.4,0
369,5.87,71.3,1.5423,41.8,10.9,0
370,5.84,38.7,1.35415,48.9,15.3,0
371,5.53,96.7,1.4628,44.8,18.9,1
372,5.73,99.7,1.3886,47.6,16.8,1
373,5.69,69.4,1.3144,50.4,18.7,0
374,5.75,77,1.26405,52.3,12.1,0
375,5.63,102.2,1.47605,44.3,19.1,1
376,5.78,84.1,1.4363,45.8,17.6,0
377,5.84,95,1.3462,49.2,10.1,1
378,5.23,98.4,1.44955,45.3,21.3,1
379,5.79,108.2,1.4787,44.2,18.3,1
380,5.78,74.5,1.52905,42.3,19.7,0
381,5.76,102.4,1.2349,53.4,19.4,1
382,5.84,109.6,1.2561,52.6,15.5,1
383,5.68,112.8,1.24285,53.1,19,1
384,5.68,75.3,1.1978,54.8,12.3,0
385,5.81,84.8,1.3356,49.6,15.5,0
386,5.83,72.9,1.18455,55.3,14.5,0
387,5.67,105.7,1.2879,51.4,12.6,1
388,5.82,68.7,1.3038,50.8,14.8,0
389,5.73,78,1.31705,50.3,17.3,0
390,5.65,90.5,1.25345,52.7,18.9,0
391,5.74,155.1,1.2773,51.8,19.5,0
392,5.84,105.4,1.4893,43.8,9.3,0
393,5.91,93.4,1.3621,48.6,20.6,0
394,5.86,102.7,1.49725,43.5,9.7,0
395,5.93,75.6,1.46015,44.9,22.1,0
396,5.84,102.4,1.4469,45.4,19.9,1
397,5.71,106.8,1.2773,51.8,15.4,1
398,5.78,80.5,1.4469,45.4,18.2,0
399,5.72,65,1.4257,46.2,11.1,0
400,5.91,70.4,1.3992,47.2,12.8,0
401,4.23,55.2,1.35945,48.7,15.5,0
402,5.59,105.8,1.4098,46.8,19.5,1
403,5.58,142.3,1.26405,52.3,14.5,0
404,5.73,141.4,1.3727,48.2,13.6,0
405,5.69,88.5,1.53435,42.1,16.8,0
406,5.71,140.9,1.3144,50.4,12.9,0
407,5.81,93,1.23225,53.5,18.1,0
408,5.74,95.6,1.6006,39.6,11,0
409,5.78,77.4,1.76225,33.5,15.4,0
410,5.67,72.6,1.5158,42.8,18.3,0
411,5.69,70.4,1.3356,49.6,10.9,0
412,5.72,80.3,1.36475,48.5,13.8,0
413,5.68,106.4,1.39655,47.3,10.6,1
414,5.78,117.2,1.4628,44.8,12.5,1
415,5.6,121.6,1.2826,51.6,19.52,1
416,5.64,82.7,1.26935,52.1,5.98,0
417,5.71,105.8,1.32235,50.1,8.47,1
418,5.67,70.8,1.26405,52.3,27.8,0
419,5.77,112.6,1.2879,51.4,18.8,1
420,5.72,135.4,1.36475,48.5,19,1
421,5.87,110,1.4575,45,21.6,1
422,5.58,118.4,1.2879,51.4,13.6,1
423,5.69,88.2,1.1766,55.6,10.4,0
424,5.83,105.2,1.4098,46.8,11.7,1
425,5.78,93,1.42305,46.3,14.1,0
426,5.71,86.2,1.34355,49.3,16.2,0
427,5.65,85,1.42835,46.1,12.1,0
428,5.83,112.7,1.3939,47.4,15.3,1
429,5.91,118.9,1.26405,52.3,24.5,1
430,5.81,114.3,1.25345,52.7,21.3,1
431,5.87,88.4,1.50785,43.1,22.1,0
432,5.86,74.6,2.24455,15.3,24.6,0
433,5.84,112.1,2.1783,17.8,16.8,0
434,5.79,104.9,2.2207,16.2,18.1,0
435,5.81,102.5,1.5264,42.4,15.8,0
436,5.9,111.7,1.4363,45.8,14.3,1
437,5.81,72.5,1.3462,49.2,10.3,0
438,5.12,79.3,1.44955,45.3,14.2,0
439,5.41,114.8,1.40715,46.9,21.37,1
440,4.19,83.4,1.3356,49.6,20.5,0
441,5.79,102.3,1.4098,46.8,23.4,1
442,5.81,114.8,1.3674,48.4,19.24,1
443,5.62,107.5,1.52375,42.5,18.4,0
444,5.84,108.5,1.2561,52.6,21,1
445,5.75,88.4,1.4893,43.8,19.5,0
446,5.87,94.5,1.48135,44.1,10.7,0
447,5.94,115.8,1.2932,51.2,18.9,1
448,5.82,78,1.2508,52.8,9.4,0
449,5.76,70,1.2296,53.6,10.2,0
450,5.75,96.4,1.25345,52.7,9.4,1
451,6.02,108.6,1.2879,51.4,10.3,1
452,6.03,80.6,1.25345,52.7,8.4,0
453,5.89,108.4,1.3727,48.2,15.8,1
454,6.02,107.5,1.38595,47.7,14.8,1
455,6.03,111.4,1.52905,42.3,14,0
456,5.98,88.5,1.3621,48.6,9.1,0
457,5.69,117.9,1.42305,46.3,15.9,1
458,5.86,86.2,1.3197,50.2,18.2,0
459,5.92,113.7,1.34355,49.3,18.7,1
460,5.94,79.4,1.25345,52.7,19.3,0
461,5.87,123.6,1.4522,45.2,19.3,1
462,5.79,108.4,1.34355,49.3,21.2,1
463,5.66,71,1.4893,43.8,12.1,0
464,5.78,83,1.4416,45.6,9.3,0
465,5.89,58.4,1.3144,50.4,20.7,0
466,5.96,65.7,1.5158,42.8,9.8,0
467,6.02,117.4,1.2508,52.8,24.1,1
468,5.91,120.5,1.2349,53.4,19.3,1
469,5.81,129.4,1.30115,50.9,15.4,1
470,5.88,76.8,1.44955,45.3,11.2,0
471,5.19,62,1.46015,44.9,18.9,0
472,5.86,88.4,1.51845,42.7,10.5,0
473,5.84,75.1,1.43365,45.9,17.9,0
474,5.92,80.6,1.5052,43.2,18.1,0
475,5.99,115.4,1.2614,52.4,12.5,1
476,5.81,111.8,1.37005,48.3,16.8,1
477,6.02,105,1.4522,45.2,10.4,1
478,5.84,88.2,1.49195,43.7,9.6,0
479,5.91,109.3,1.18455,55.3,10.4,1
480,6.02,107.1,1.2561,52.6,15.9,1
481,5.79,90,1.1713,55.8,10.2,0
482,5.86,85.4,1.34355,49.3,12.4,0
483,6.01,89.1,1.4363,45.8,11.3,0
484,6.55,113.4,1.3091,50.6,17.6,1
485,6.47,111,1.4469,45.4,14.2,1
486,6.78,105.8,1.34885,49.1,12.5,1
487,6.63,140,1.4734,44.4,17.3,1
488,6.14,88,1.5211,42.6,18.4,0
489,6.19,84.6,1.48665,43.9,15.7,0
490,6.39,78.9,1.43365,45.9,13.6,0
491,6.57,133.8,1.34355,49.3,13.6,1
492,6.26,112.5,1.3939,47.4,14.5,1
493,6.71,114.2,1.2773,51.8,12.3,1
494,6.13,118.5,1.3674,48.4,18.4,1
495,6.37,102.8,1.2879,51.4,14.8,1
496,6.24,95,1.31175,50.5,15,1
497,6.01,98.4,1.22695,53.7,14.8,1
498,5.98,70.3,1.4098,46.8,12.3,0
499,5.84,64.8,1.53965,41.9,14.8,0
500,5.97,112.9,1.5158,42.8,12.3,0
501,6.01,118.4,1.55555,41.3,20.3,0
502,6.08,135.3,1.36475,48.5,11.1,1
503,5.94,75.3,1.31705,50.3,9.7,0
504,6.04,87.4,1.6854,36.4,8.1,0
505,6.21,68.6,1.4363,45.8,9.8,0
506,6.17,78.3,1.3886,47.6,6.3,0
507,6.01,115.1,1.44425,45.5,18.4,1
508,6.35,118.3,1.3515,49,16.3,1
509,6.25,62.5,1.4893,43.8,14.5,0
510,6.09,154.3,1.31705,50.3,20.1,0
511,6.71,116.7,1.2614,52.4,18.5,1
512,5.94,74.5,1.5317,42.2,19.3,0
513,6.39,68.2,1.2932,51.2,17.5,0
514,5.62,118.35,1.2879,51.4,13.8,1
515,5.61,94.1,1.31175,50.5,13.6,0
516,5.73,118.4,1.26405,52.3,24.7,1
517,5.74,89.2,1.2879,51.4,20.6,0
518,5.68,84.5,1.5582,41.2,9.7,0
519,5.71,92.8,1.27465,51.9,18.6,0
520,5.83,114.02,1.4999,43.4,20.8,1
521,5.17,81.7,1.2561,52.6,12.3,0
522,5.82,128.5,1.4522,45.2,21,1
523,5.57,138.2,1.41245,46.7,11.2,1
524,5.65,125.4,1.4787,44.2,12.8,1
525,5.61,68.2,1.55025,41.5,10,0
526,5.73,120.84,1.44955,45.3,12.5,1
527,5.74,93.4,1.5264,42.4,8.6,0
528,5.71,114,1.3833,47.8,15.2,1
529,5.67,87.8,1.29055,51.3,14,0
530,5.79,105.7,1.46015,44.9,14.2,1
531,5.71,112.9,1.37005,48.3,17.8,1
532,5.74,98.1,1.3886,47.6,15.4,1
533,5.43,80.6,1.55555,41.3,16.9,0
534,5.81,106.7,1.2773,45.2,19.2,1
535,5.93,98,1.4999,43.4,18.5,0
536,5.64,113.8,1.3674,48.4,15.4,1
537,5.78,135.1,1.4363,45.8,20.3,1
538,5.89,96.4,1.46545,44.7,15.8,1
539,5.66,170.6,1.52375,42.5,12.8,0
540,5.77,136.8,1.3409,49.4,13.6,1
541,5.8,146.1,1.6006,39.6,10.8,0
542,5.81,163.8,1.7119,35.4,8.9,0
543,5.83,129.5,1.3886,47.6,18.6,1
544,5.71,110.5,1.31175,50.5,12.4,1
545,5.67,116.2,1.2932,51.2,12.5,1
546,5.8,93.4,1.4416,45.6,15.8,0
547,5.67,96.5,1.96365,25.9,14.3,0
548,5.87,114.2,1.24815,52.9,14.9,1
549,5.64,118.6,1.2137,54.2,21.7,1
550,5.74,92.3,1.4416,45.6,12.6,0
551,5.69,85.4,1.43365,45.9,11.4,0
552,5.76,105.6,1.48135,44.1,12.2,0
553,5.71,108.9,1.42305,46.3,14.6,1
554,5.59,139.4,1.27465,51.9,22.4,1
555,5.74,125.8,1.25345,52.7,18.9,1
556,5.48,108.3,1.26405,52.3,15,1
557,5.64,130.4,1.2932,51.2,14.4,1
558,5.56,150.2,2.1253,19.8,12.4,0
559,5.83,104.6,2.21275,16.5,13.4,0
560,5.77,123.4,1.3674,48.4,14.3,1
561,5.64,131,1.45485,45.1,15.8,1
562,5.65,140.5,1.34355,49.3,16,1
563,5.73,122.4,1.3038,50.8,16.4,1
564,5.79,102.3,1.45485,45.1,14.2,1
565,5.55,90.4,1.31705,50.3,18.2,0
566,5.71,104.8,1.537,42,13.6,0
567,5.72,141.8,1.4946,43.6,10.5,0
568,5.81,104.5,1.36475,48.5,12.3,1
569,5.51,109.4,1.4363,45.8,20.5,1
570,5.71,116.5,1.38065,47.9,20.7,1
571,5.76,140.66,1.2614,52.4,21.4,1
572,5.74,69.4,1.55025,41.5,12.4,0
573,5.83,78.5,1.45485,45.1,14.5,0
574,5.84,69.6,1.3356,49.6,15.6,0
575,5.81,104.2,1.3091,50.6,18.6,1
576,5.88,100.3,1.2296,56.3,15.2,1
577,5.79,107.3,1.29585,51.1,12.3,1
578,5.87,85.2,1.2561,52.6,12.3,0
579,5.72,111.5,1.2349,53.4,14.5,1
580,5.69,120.4,1.2508,52.8,18.9,1
581,5.78,148.1,1.2879,51.4,19.2,0
582,5.95,66.5,1.26405,52.3,12,0
583,5.85,102.4,1.26405,52.3,15.3,1
584,5.55,100.1,1.2349,53.4,18,1
585,5.81,104.2,1.37535,48.1,14.2,1
586,5.79,65.2,1.5211,42.6,8.5,0
587,5.74,74.8,1.2031,54.6,9.4,0
588,5.62,100.54,1.33825,49.5,14.5,1
589,5.67,82.4,1.4681,44.6,10.3,0
590,5.91,101.7,1.4946,45.2,18.4,0
591,5.24,145.7,1.2508,52.8,12.6,0
592,5.63,108.9,1.29055,51.3,12.8,1
593,5.81,71.74,1.2296,53.6,10.2,0
594,5.83,106.8,1.25345,52.7,15.8,1
595,5.66,105.3,1.2349,53.4,23.1,1
596,5.79,129.3,1.5423,41.8,16.4,0
597,5.62,66.6,1.3674,48.4,11.8,0
598,5.84,141.4,1.41245,46.7,18.4,0
599,5.81,68.8,1.3197,50.2,12.4,0
600,5.74,121.4,1.47075,44.5,19.1,1
601,5.64,67.5,1.52375,42.5,13.9,0
602,5.74,116.8,1.4999,43.4,12.5,1
603,5.72,89,1.37535,48.1,13.7,0
604,5.83,99.6,1.45485,45.1,13.4,1
605,5.97,103.6,1.5741,40.6,14.8,0
606,5.77,91.4,1.34355,49.3,11.1,0
607,6.04,100.58,1.3144,50.4,12.8,1
608,6.05,103.2,1.43895,45.7,15.6,1
609,5.91,99.9,1.37005,48.3,18.5,1
610,5.59,104.2,1.3356,49.6,14.2,1
611,5.78,77.7,1.60325,39.5,9.4,0
612,5.78,76.3,1.41775,46.5,12.3,0
613,5.93,143.4,1.49725,43.5,14.4,0
614,4.31,133.5,1.3833,47.8,12.5,1
615,5.59,147.4,1.43895,45.7,13.6,0
616,5.61,106.8,1.2932,51.2,15.6,1
617,5.71,114.1,1.2349,53.4,12.2,1
618,5.72,103.5,1.6324,38.4,13.6,0
619,5.83,107.8,1.2826,51.6,14.2,1
620,5.84,127,1.31175,50.5,18.3,1
621,5.81,124.7,1.35945,48.7,29,1
622,5.73,75.4,1.4946,43.6,12.1,0
623,5.68,63.2,1.35415,48.9,18.9,0
624,5.81,65.3,1.41775,46.5,14.2,0
625,5.74,77.6,1.3038,50.8,18.9,0
626,5.69,125.3,1.40715,46.9,14.5,1
627,5.81,127,1.2932,51.2,12.6,1
628,5.67,128.4,1.26405,52.3,14.7,1
629,5.64,60.4,1.3621,48.6,14.6,0
630,5.82,77.3,1.48135,44.1,15.4,0
631,5.64,65.1,1.3144,50.4,12.2,0
632,5.74,110.9,1.27995,51.7,15.3,1
633,5.65,140,1.2349,53.4,14.8,1
634,5.69,128.4,1.3144,50.4,13.2,1
635,5.67,123.4,1.4522,45.2,19.1,1
636,5.74,86.1,1.5264,42.4,13.6,0
637,5.8,142.4,1.2614,52.4,12.8,0
638,5.81,85.7,1.3409,49.4,12.3,0
639,5.74,79.4,1.54495,41.7,16.8,0
640,5.75,64.2,1.2349,53.4,11.5,0
641,5.81,121.4,1.4363,45.8,14.5,1
642,5.56,108,1.26405,52.3,12.6,1
643,5.89,103.9,1.1978,54.8,18.7,1
644,5.74,88.4,1.5423,41.8,21.4,0
645,5.91,71.6,1.7914,32.4,23.5,0
646,5.71,135.8,1.325,50,15.6,1
647,5.76,103.3,1.5476,41.6,12.4,0
648,5.74,107.8,1.35945,48.7,12.6,1
649,5.9,106.8,1.44955,45.3,15.8,1
650,5.84,72.8,1.47075,44.5,19.3,0
651,5.01,146.9,1.52905,42.3,15.6,0
652,5.64,114.5,1.46545,44.7,14.3,1
653,4.09,80.9,1.4681,44.6,18.1,0
654,5.84,99.8,1.3674,48.4,16.3,1
655,5.74,114.6,1.3727,48.2,18.9,1
656,5.77,115.7,1.3886,47.6,14.2,1
657,5.79,118.6,1.3992,47.2,14.5,1
658,5.84,85.15,1.49725,43.5,13.3,0
659,5.82,91.4,1.4787,44.2,15.3,0
660,5.93,112.8,1.34885,49.1,21.9,1
661,5.74,75.3,1.4257,46.2,20.8,0
662,5.78,69.2,1.44955,45.3,11.7,0
663,5.64,115.3,1.36475,48.5,14.2,1
664,6.08,114.5,1.46015,44.9,20.7,1
665,6.12,79.8,1.57675,40.5,14.6,0
666,6.01,107.9,1.2402,53.2,18.3,1
667,6.04,105.7,1.2508,52.8,13.8,1
668,6.02,114.8,1.3356,49.6,15.3,1
669,6.07,75.2,1.5529,41.4,15.2,0
670,5.81,120.5,1.3727,48.2,14.2,1
671,6.01,85.4,1.33825,49.5,10.3,0
672,6.05,126.3,1.44955,45.3,18.3,1
673,6.07,93.2,1.4893,43.8,14.3,0
674,5.23,112.8,1.46015,44.9,16.1,1
675,5.75,114.3,1.4204,46.4,15.4,1
676,5.89,99.4,1.55555,41.3,9.8,0
677,5.89,92,1.3939,47.4,11.3,0
678,5.79,80.4,1.47605,44.3,20.2,0
679,5.99,63,1.41775,46.5,12.4,0
680,6.01,120,1.37005,48.3,21.6,1
681,5.83,108,1.30645,50.7,12.3,1
682,5.85,112.4,1.3144,50.4,25.3,1
683,5.89,74.6,1.4893,43.8,14.6,0
684,4.99,71.5,1.3886,47.6,12.3,0
685,5.94,68.1,1.59795,39.7,11.8,0
686,5.97,72.4,1.4416,45.6,10.8,0
687,5.91,76.3,1.5476,41.6,10.2,0
688,5.92,121.6,1.2773,51.8,15.5,1
689,5.94,112.5,1.2985,51,27.6,1
690,6.09,132.5,1.2349,53.4,21.6,1
691,5.89,81.4,1.5211,42.6,18.2,0
692,6.02,108.9,1.31705,50.3,16.1,1
693,5.94,104.7,1.2614,52.4,18.3,1
694,6.04,151.4,1.4681,44.6,12.3,0
695,5.93,162.3,1.31705,50.3,14.8,0
696,6.04,148.6,1.2773,51.8,10.6,0
697,6.57,117.2,1.2243,53.8,9.4,1
698,6.42,108.02,1.24815,52.9,13.8,1
699,6.81,134.2,1.2137,54.2,14.5,1
700,6.45,133.8,1.3144,50.4,15.3,1
701,6.22,81.5,1.48665,43.9,11.2,0
702,6.32,86.4,1.5582,41.2,13.6,0
703,6.65,75.8,1.4257,46.2,9.4,0
704,6.54,131.7,1.44955,45.3,14.2,1
705,6.18,106.5,1.2614,52.4,15.3,1
706,6.61,113.3,1.4416,45.6,12.8,1
707,6.25,116.1,1.41245,46.7,19.7,1
708,6.42,147.4,1.4893,43.8,11.2,0
709,6.35,122,1.4628,44.8,15.36,1
710,6.24,95.6,1.3462,49.2,10.2,1
711,6.31,98.7,1.6854,36.4,11.5,0
712,5.94,60.4,1.6059,39.4,11.2,0
713,5.97,109.2,1.4098,46.8,24.1,1
714,5.98,112.8,1.39655,47.3,20.3,1
715,6.24,131.4,1.4681,44.6,23.1,1
716,6.05,64,1.7119,35.4,11.8,0
717,6.08,82.6,1.4893,43.8,15.2,0
718,6.14,62.3,1.1275,49.5,9.8,0
719,6.25,160,2.26575,14.5,12.3,0
720,6.04,113.5,1.3833,47.8,15.8,1
721,6.17,116,1.3144,50.4,14.2,1
722,6.25,60.5,1.4469,45.4,17.4,0
723,5.98,152.5,1.2932,51.2,12.3,0
724,6.41,113.45,1.30115,50.9,18.1,1
725,6.05,70,1.5423,41.8,11.4,0
726,6.24,165.7,1.3886,47.6,12.3,0
727,5.64,75.3,1.4257,46.2,15.1,0
728,5.78,92.4,1.4628,44.8,19.7,0
729,5.67,159.4,1.42305,46.3,12.6,0
730,5.47,169,1.4416,45.6,18.4,0
731,5.84,133.3,1.31705,50.3,20.6,1
732,5.99,86.8,1.46015,44.9,21.8,0
733,5.52,146,1.27995,51.7,13.6,0
734,5.62,112.5,1.24285,53.1,15.4,1
735,5.76,119.3,1.3462,49.2,18.4,1
736,5.78,112.5,1.43365,45.9,8.6,1
737,5.82,151.2,1.61385,39.1,12.4,0
738,5.74,145.2,1.25345,52.7,16.4,0
739,5.73,132.8,1.3674,48.4,18.3,1
740,5.86,85.8,1.49725,43.5,17.9,0
741,5.65,127.6,1.25345,52.7,19.7,1
742,5.6,115.3,1.3144,50.4,20.4,1
743,5.71,94.2,1.2932,51.2,14.3,0
744,5.64,61.2,1.09445,58.7,12.3,0
745,5.93,112.3,1.2773,51.8,12.6,1
746,5.72,115.4,1.4363,45.8,13.5,1
747,5.78,118.6,1.42305,46.3,18.4,1
748,5.75,81.2,1.35945,48.7,12.5,0
749,5.64,76.4,1.3197,50.2,14.8,0
750,5.82,109.8,1.2879,51.4,17.6,1
751,5.53,130.1,1.38065,47.9,16.4,1
752,5.61,115.4,1.3303,49.8,19.2,1
753,5.39,112.8,1.4787,44.2,18.6,1
754,5.69,129.6,1.5211,42.6,19.1,0
755,5.58,142.8,1.47605,44.3,18.5,0
756,5.78,137.4,1.4098,46.8,13.5,1
757,5.74,113.4,1.4628,44.8,21.4,1
758,5.57,121.9,1.3144,50.4,25.3,1
759,5.56,108.6,1.27995,51.7,22.4,1
760,5.82,112.4,1.34885,49.1,14.5,1
761,5.94,85.4,1.53435,42.1,19.8,0
762,5.58,109.4,1.27995,51.7,15.4,1
763,5.83,112.6,1.47605,44.3,16.2,1
764,5.74,164.7,1.44955,45.3,16.8,0
765,5.84,109.7,1.35945,48.7,15.1,1
766,5.64,118.6,1.2879,51.4,18.6,1
767,5.73,111.2,1.3038,50.8,19.4,1
768,5.88,114.6,1.2349,53.4,21.7,1
769,5.76,60.3,1.2932,51.2,18.1,0
770,5.91,134.2,1.2296,53.6,18.7,1
771,5.73,140.8,1.20045,54.7,12.6,0
772,5.71,129.5,1.0229,61.4,24.6,1
773,5.92,112.6,1.44955,45.3,20.4,1
774,5.84,118.5,1.4098,46.8,14.6,1
775,5.89,92.5,1.61385,39.1,20.5,0
776,5.66,153.8,1.3621,48.6,14.3,0
777,5.64,75.1,1.4204,46.4,13.3,0
778,5.83,160.4,1.37535,48.1,19.1,0
779,5.94,141.2,1.43365,45.9,11.7,0
780,5.72,113.4,1.3886,47.6,18.4,1
781,5.66,93.4,1.6642,37.2,5.6,0
782,5.82,112.5,1.2826,51.6,16.4,1
783,5.8,79.5,1.3409,49.4,13.5,0
784,5.89,86.4,1.4681,44.6,15.8,0
785,5.64,115.2,1.43365,45.9,18.1,1
786,5.63,97.6,1.3833,47.8,19.3,1
787,5.93,142.6,1.2932,51.2,12.6,0
788,5.18,114.8,1.2879,51.4,19.3,1
789,5.67,112.9,1.3621,48.6,21.8,1
790,5.83,143.2,1.2349,53.4,28.9,0
791,5.92,113.7,1.4893,43.8,17.5,0
792,5.94,116.4,1.3356,49.6,16.3,1
793,5.78,108.9,1.4469,45.4,12.7,1
794,5.54,69.6,1.46015,44.9,13.5,0
795,5.71,75.8,1.3356,49.6,16.4,0
796,5.89,145.3,1.31705,50.3,14.8,0
797,5.82,121.6,1.1766,55.6,18.4,1
798,5.61,82.6,1.2826,51.6,12.3,0
799,5.73,143.2,1.3144,50.4,19.1,0
800,5.84,128.4,1.4946,43.6,15.6,0
801,5.62,132.3,1.41245,46.7,18.4,1
802,5.81,145.6,1.52905,42.3,13.5,0
803,5.88,112.3,1.5529,41.4,13.8,0
804,6.02,114.6,1.52375,42.5,11.1,0
805,5.98,112.5,1.4946,43.6,16.3,0
806,5.99,112.5,1.38065,47.9,13.3,1
807,5.64,111.1,1.3674,48.4,14.5,1
808,5.76,160.4,1.4946,43.6,20.7,0
809,6.75,117.1,1.28525,51.5,16.4,1
810,5.43,136.1,1.2773,51.8,14.6,1
811,5.61,99,1.22165,53.9,20.5,1
812,5.59,118.7,1.2985,51,20.5,1
813,5.81,94.8,1.42835,46.1,10.3,1
814,5.82,90.6,1.60855,39.3,9.3,0
815,5.64,99.1,1.25345,52.7,21.4,1
816,5.71,113.4,1.3674,48.4,12.4,1
817,5.24,81.4,2.13855,19.3,19.7,0
818,5.41,105.7,1.3727,48.2,15.8,1
819,5.71,82,1.5476,41.6,12.3,0
820,5.65,108.4,1.3886,47.6,20.1,1
821,5.54,87.6,1.6854,36.4,14.5,0
822,5.59,138,1.4469,45.4,18.4,1
823,5.61,108.4,1.3992,47.2,12.3,1
824,5.84,148,1.4098,46.8,20.5,0
825,5.64,85.2,1.5582,41.2,21.3,0
826,5.71,123.6,1.50255,43.3,15.5,0
827,5.84,165.1,1.4946,43.6,14.8,0
828,5.71,125.1,1.46545,44.7,16.4,1
829,5.66,126.8,1.37535,48.1,12.3,1
830,5.92,85.4,1.47605,44.3,18.9,0
831,5.71,151.2,1.43365,45.9,14.1,0
832,5.77,84,1.2296,53.6,19.1,0
833,5.79,82.1,1.3886,47.6,18.6,0
834,5.84,155.4,1.47605,44.3,15.8,0
835,5.61,82.1,1.4416,45.6,19.2,0
836,5.72,120.2,1.30645,50.7,20.3,1
837,5.75,102.8,1.34885,49.1,21.8,1
838,5.73,86,1.26405,52.3,8.2,0
839,5.74,97.1,1.3674,48.4,9.7,1
840,5.81,115.2,1.39125,47.5,22.3,1
841,5.61,125.8,1.26405,52.3,21.6,1
842,5.84,97.4,1.55025,41.5,12.6,0
843,5.81,94.5,1.52375,42.5,13.8,0
844,5.71,58.6,1.40185,47.1,15.9,0
845,5.7,153.2,1.5582,41.2,15.8,0
846,5.67,137.8,1.1819,55.4,8.4,1
847,5.71,124.4,1.26935,52.1,12.5,1
848,5.82,102.7,1.2349,53.4,10.2,1
849,5.61,145.2,1.43365,45.9,18.3,0
850,5.45,156.9,1.45485,45.1,14.6,0
851,5.69,160.4,1.35415,48.9,11.1,0
852,5.62,118.9,1.4999,43.4,15.3,0
853,5.64,129.5,1.5158,42.8,12.3,0
854,5.69,125.8,1.46545,44.7,14.8,1
855,5.62,114.3,1.34885,49.1,17.1,1
856,5.62,95.2,1.44955,45.3,11.7,1
857,5.59,108.5,1.31705,50.3,25.9,1
858,5.58,110.2,1.5158,42.8,11.8,0
859,5.57,132.4,1.3462,49.2,10.5,1
860,5.81,154.1,1.4787,44.2,11.2,0
861,5.62,106.3,1.3886,47.6,21.4,1
862,5.79,118.5,1.47605,44.3,25.6,1
863,5.77,107.8,1.30645,50.7,24.8,1
864,5.76,65.1,1.2932,51.2,15.3,0
865,5.68,84.6,1.35945,48.7,12.2,0
866,5.72,79.2,1.38065,47.9,15.3,0
867,5.76,97.5,1.3727,48.2,12.3,1
868,5.67,94.8,1.2349,53.4,12,1
869,5.81,96.4,1.2614,52.4,17.8,1
870,5.68,82.2,1.2773,51.8,13.5,0
871,5.72,82.4,1.5211,42.6,12.6,0
872,5.69,115.6,1.27995,51.7,19.4,1
873,5.72,72.8,1.15275,56.5,13.9,0
874,5.84,68.5,1.2932,51.2,8.6,0
875,5.65,35.7,1.21105,54.3,12.8,1
876,5.61,93.4,1.19515,54.9,8.8,0
877,5.64,96.6,1.5211,42.6,14.5,0
878,5.79,75.8,1.4681,44.6,12.5,0
879,5.84,63.3,1.55555,41.3,10.8,0
880,5.66,117.3,1.5582,41.2,15.7,0
881,5.62,90.4,1.49725,43.5,11.9,0
882,5.81,93.3,1.43895,45.7,12.4,0
883,5.29,106.5,1.26405,52.3,18.1,1
884,5.87,105.8,1.3144,50.4,20.3,1
885,5.69,71.7,1.4469,45.4,12.3,0
886,5.76,99.3,1.4416,45.6,28.1,1
887,5.71,106.1,1.49725,43.5,16.5,0
888,5.81,109,1.31705,50.3,18.4,1
889,5.62,71.5,1.2773,51.8,13.3,0
890,5.75,80.3,1.25345,52.7,12.7,0
891,5.62,68,1.5158,42.8,11.4,0
892,5.71,100.5,1.4363,45.8,13.6,1
893,5.92,63.4,1.45485,45.1,10.8,0
894,5.65,110.4,1.30645,50.7,14.2,1
895,5.71,112.5,1.38065,47.9,13.5,1
896,5.74,95.2,1.42305,46.3,15.6,1
897,5.93,86.4,1.6006,39.6,18.2,0
898,5.81,91.5,1.3727,48.2,15.7,0
899,6.04,100.3,1.73575,34.5,14.2,0
900,5.81,73,1.46545,44.7,15.8,0
901,5.74,99.5,1.24815,52.9,12.3,1
902,5.77,105.9,1.21635,54.1,10.1,1
903,5.81,76.5,1.25875,52.5,12.8,0
904,5.82,60.4,1.1713,55.8,12.3,0
905,5.92,65.5,1.30645,50.7,9.4,0
906,4.25,49.7,1.33295,49.7,16.8,0
907,5.62,99.8,1.34885,49.1,21.8,1
908,5.72,125.9,1.2508,52.8,13.5,1
909,5.68,124.5,1.24285,53.1,11.4,1
910,5.74,81.2,1.4416,45.6,12.5,0
911,5.82,143.2,1.4893,43.8,13.9,0
912,5.84,84.8,1.48665,43.9,15.6,0
913,5.76,104.2,1.4522,45.2,19.1,1
914,5.78,75.6,1.4681,44.6,14.3,0
915,5.67,70.6,1.4416,45.6,11.6,0
916,5.71,67.8,1.35415,48.9,16.3,0
917,5.53,77.4,1.5582,41.2,14.8,0
918,5.69,103.2,1.40185,47.1,18.3,1
919,5.75,113.4,1.2932,51.2,14.5,1
920,5.48,117.6,1.31705,50.3,19,1
921,5.61,78.8,1.5582,41.2,16.3,0
922,5.79,101,1.45485,45.1,12.8,1
923,5.59,65.6,1.51315,42.9,14.3,0
924,5.78,117,1.3144,50.4,20.4,1
925,5.76,129.6,1.3992,47.2,21.3,1
926,5.81,103.8,1.31705,50.3,14.5,1
927,5.69,117.1,1.2879,51.4,12.9,1
928,5.79,86.7,1.26405,52.3,20.5,0
929,5.64,103.5,1.31705,50.3,14.7,1
930,5.69,67.8,2.43005,8.3,15.2,0
931,5.64,86,1.1766,55.6,16.2,0
932,5.72,148.2,2.4274,8.4,13.1,0
933,5.84,119.9,1.31705,50.3,15.6,1
934,5.53,115.9,1.44955,45.3,17.8,1
935,5.92,111.5,1.35415,48.9,12.5,1
936,5.84,84.9,1.5582,41.2,13.8,0
937,5.82,70.8,2.2578,14.8,15.2,0
938,5.72,150.9,2.32405,12.3,13.6,0
939,5.78,163.6,2.16505,18.3,15.6,0
940,5.76,101.8,1.4628,44.8,12.9,1
941,5.91,110.4,1.4257,46.2,14.8,1
942,5.34,70.8,1.5582,41.2,13.5,0
943,5.23,77.6,1.3674,48.4,13.6,0
944,5.85,112.2,1.49195,43.7,19.3,0
945,4.23,81.8,1.3462,49.2,18.4,0
946,5.71,100.4,1.44955,45.3,14.3,1
947,5.74,112.4,1.31175,50.5,22,1
948,5.81,105,1.2879,51.4,12.3,1
949,5.84,105.2,1.3939,47.4,22.3,1
950,5.82,85.8,1.37535,48.1,8.6,0
951,5.74,91.4,1.6324,38.4,15.3,0
952,5.92,112.7,1.34355,49.3,15.5,1
953,5.64,74.6,1.7437,34.2,8.5,0
954,5.82,68.7,1.5211,42.6,8.7,0
955,5.76,134.8,1.25875,52.5,14.3,1
956,6.07,116.7,1.2508,52.8,12.7,1
957,6.02,78.4,1.2349,53.4,14.8,0
958,5.97,115.9,1.3462,49.2,11.8,1
959,5.91,114.7,1.42305,46.3,19.7,1
960,5.84,108.3,1.43895,45.7,18.4,1
961,5.72,85.1,1.55025,41.5,9.6,0
962,5.84,114.2,1.34355,49.3,13.3,1
963,5.71,82.2,1.3674,48.4,10.2,0
964,6.04,109.4,1.4098,46.8,15.2,1
965,5.91,74.8,1.44955,45.3,12.4,0
966,5.82,118.7,1.3992,47.2,27.1,1
967,5.86,106.9,1.37005,48.3,8.2,1
968,5.84,69.4,1.52905,42.3,11.6,0
969,5.92,116.9,1.4211,42.6,10.4,1
970,5.93,55.8,1.3992,47.2,9.3,0
971,5.85,62.5,1.4946,43.6,9.5,0
972,5.96,113.8,1.34355,49.3,19.4,1
973,5.72,116.9,1.47075,44.5,14.5,1
974,5.84,124.9,1.272,52,15.7,1
975,5.92,71.3,1.2879,51.4,12.3,0
976,5.12,111.7,1.2296,53.6,15.4,1
977,5.82,82.7,1.3674,48.4,15.6,0
978,5.93,68.4,1.5476,41.6,12.5,0
979,5.92,79.8,1.8974,28.4,11.4,0
980,5.86,113.6,1.2243,53.8,17.8,1
981,5.72,110.4,1.27995,51.7,15.9,1
982,6.03,103.2,1.50785,43.1,14.9,0
983,5.84,86.1,1.4469,45.4,12.6,0
984,5.84,106.8,1.2402,53.2,14.3,1
985,6.03,104.6,1.25345,52.7,18.9,1
986,5.81,87.4,1.3091,50.6,18.2,0
987,5.84,82.4,1.5847,40.2,11.3,0
988,6.12,85.9,1.6059,39.4,12.5,0
989,6.3,109.8,1.3144,50.4,14.2,1
990,6.32,107.6,1.27465,51.9,22,1
991,6.74,111.4,1.2614,52.4,15.7,1
992,6.45,125.2,1.45485,45.1,12.3,1
993,6.23,139.7,1.52905,42.3,10.2,0
994,6.15,83.4,1.3621,48.6,15.8,0
995,6.61,77.8,1.3462,49.2,13.6,0
996,6.49,132.2,1.43365,45.9,14.8,1
997,6.35,110.6,1.5211,42.6,13.3,1
998,6.74,112.4,1.47605,44.3,17.5,1
999,6.12,116.5,1.43895,45.7,18.9,1
1000,6.33,100.8,1.55555,41.3,12.5,0
1001,6.29,122.2,1.4628,44.8,21,1
1002,6.05,95.6,1.2561,52.6,14.3,1
1003,6.04,67.7,1.2932,51.2,15.9,0
1004,5.72,62,1.6324,38.4,6.9,0
1005,6.12,109.9,1.41245,46.7,22.3,1
1006,6.56,115.2,1.4363,45.8,11.5,1
1007,6.24,102.5,1.31705,50.3,12.5,1
1008,6.25,72.9,1.3197,50.2,14.5,0
1009,6.24,84.8,1.3621,48.6,11.2,0
1010,6.41,110.9,1.4234,45.2,18.5,1
1011,6.27,75.2,1.4787,44.2,14.8,0
1012,6.05,111.8,1.25875,52.5,19.3,1
1013,6.28,114.8,1.2773,51.8,14.7,1
1014,6.32,58.8,1.52375,42.5,13.5,0
1015,6.19,150.4,1.4946,43.6,12.5,0
